{"cameraMode":{"drawMode":0,"name":"Shaded","section":"Shading Mode"},"sceneLighting":true,"audioPlay":false,"sceneViewState":{"m_AlwaysRefresh":false,"showFog":true,"showSkybox":true,"showFlares":true,"showImageEffects":true,"showParticleSystems":true,"showVisualEffectGraphs":true,"m_FxEnabled":true},"in2DMode":false,"pivot":{"x":8.582921028137207,"y":0.637409508228302,"z":-33.48540115356445},"rotation":{"x":-0.008711335249245167,"y":-0.009327325969934464,"z":0.0010449645342305303,"w":-1.0000489950180054},"size":3.4513156414031984,"orthographic":false}