{"cameraMode":{"drawMode":0,"name":"Shaded","section":"Shading Mode"},"sceneLighting":true,"audioPlay":false,"sceneViewState":{"m_AlwaysRefresh":false,"showFog":true,"showSkybox":true,"showFlares":true,"showImageEffects":true,"showParticleSystems":true,"showVisualEffectGraphs":true,"m_FxEnabled":true},"in2DMode":false,"pivot":{"x":4.19191312789917,"y":1.365318775177002,"z":-6.202498435974121},"rotation":{"x":0.008694464340806008,"y":0.02362126298248768,"z":-0.0011451281607151032,"w":0.9997872114181519},"size":1.674655556678772,"orthographic":false}