{"cameraMode":{"drawMode":0,"name":"Shaded","section":"Shading Mode"},"sceneLighting":true,"audioPlay":false,"sceneViewState":{"m_AlwaysRefresh":false,"showFog":true,"showSkybox":true,"showFlares":true,"showImageEffects":true,"showParticleSystems":true,"showVisualEffectGraphs":true,"m_FxEnabled":true},"in2DMode":false,"pivot":{"x":79.2597885131836,"y":2.999002456665039,"z":5.282729148864746},"rotation":{"x":0.0437907949090004,"y":0.014980588108301163,"z":-0.0006599162006750703,"w":0.9989350438117981},"size":9.550000190734864,"orthographic":false}