{"cameraMode":{"drawMode":0,"name":"Shaded","section":"Shading Mode"},"sceneLighting":true,"audioPlay":false,"sceneViewState":{"m_AlwaysRefresh":false,"showFog":true,"showSkybox":true,"showFlares":true,"showImageEffects":true,"showParticleSystems":true,"showVisualEffectGraphs":true,"m_FxEnabled":true},"in2DMode":false,"pivot":{"x":79.92281341552735,"y":-4.534449100494385,"z":12.044649124145508},"rotation":{"x":0.23332718014717103,"y":0.04956245794892311,"z":-0.011908811517059803,"w":0.9710642099380493},"size":9.550000190734864,"orthographic":false}